{
    "$schema": "https://go.kicad.org/pcm/schemas/v1",
    "name": "Thermal Relief Via",
    "description": "Replaces selected via(s) with identical footprint to make thermal relief for soldering.",
    "description_full": "This is for DIY circuit boards with vias in copper pour that need to be soldered to. Use this along with the \"Do not tent vias\" option. I'm soldering a wire from the top to bottom via pad but you can use this to solder eyelets too. The original via is deleted to eliminate repeated drill hits.",
    "identifier": "com.github.JohnHryb.ThermalReliefVia",
    "type": "plugin",
    "author": {
        "name": "John Hryb"
    },
    "license": "GPL-2.0",
    "resources": {
        "homepage": "https://github.com/Hrybmo/com.github.JohnHryb.ThermalReliefVia"
    },
    "versions": [
        {
            "version": "0.1.1",
            "status": "testing",
            "kicad_version": "7.0"
        }
    ]
}
